{"cameraMode":{"drawMode":0,"name":"Shaded","section":"Shading Mode"},"sceneLighting":true,"audioPlay":false,"sceneViewState":{"m_AlwaysRefresh":false,"showFog":true,"showSkybox":true,"showFlares":true,"showImageEffects":true,"showParticleSystems":true,"showVisualEffectGraphs":true,"m_FxEnabled":true},"in2DMode":false,"pivot":{"x":-2.7203314304351808,"y":3.6614999771118166,"z":14.464012145996094},"rotation":{"x":0.142674520611763,"y":-0.38380980491638186,"z":0.07486138492822647,"w":0.9119923114776611},"size":0.7086857557296753,"orthographic":false}